Name,Type,Legendary,Land,Creature,Artifact,Enchantment,Planeswalker,Instant,Sorcery,Price,Over $5,Over $10,Over $20,Over $50,Over $100
Abrade,Instant,0,0,0,0,0,0,1,0,1.86,0,0,0,0,0
Abrupt Decay,Instant,0,0,0,0,0,0,1,0,2.99,0,0,0,0,0
Academy Rector,Creature - Human Cleric,0,0,1,0,0,0,0,0,62.48,1,1,1,1,0
Academy Ruins,Legendary Land,1,1,0,0,0,0,0,0,25.59,1,1,1,0,0
Accumulated Knowledge,Instant,0,0,0,0,0,0,1,0,0.18,0,0,0,0,0
Act on Impulse,Sorcery,0,0,0,0,0,0,0,1,0.23,0,0,0,0,0
Ad Nauseam,Instant,0,0,0,0,0,0,1,0,12.32,1,1,0,0,0
Aether Spellbomb,Artifact,0,0,0,1,0,0,0,0,0.21,0,0,0,0,0
Aether Vial,Artifact,0,0,0,1,0,0,0,0,38,1,1,1,0,0
Ajani Vengeant,Planeswalker - Ajani,0,0,0,0,0,1,0,0,7.42,1,0,0,0,0
All Is Dust,Tribal Sorcery - Eldrazi,0,0,0,0,0,0,0,1,8.86,1,0,0,0,0
Alms Collector,Creature - Cat Cleric,0,0,1,0,0,0,0,0,0.99,0,0,0,0,0
Ancestral Vision,Sorcery,0,0,0,0,0,0,0,1,12.34,1,1,0,0,0
Ancient Den,Artifact Land,0,1,0,1,0,0,0,0,2.89,0,0,0,0,0
Ancient Grudge,Instant,0,0,0,0,0,0,1,0,0.32,0,0,0,0,0
Ancient Stirrings,Sorcery,0,0,0,0,0,0,0,1,3.27,0,0,0,0,0
Ancient Tomb,Land,0,1,0,0,0,0,0,0,25.2,1,1,1,0,0
Ancient Ziggurat,Land,0,1,0,0,0,0,0,0,8.48,1,0,0,0,0
Animate Dead,Enchantment - Aura,0,0,0,0,1,0,0,0,3.33,0,0,0,0,0
Arcane Artisan,Creature - Human Wizard,0,0,1,0,0,0,0,0,5.41,1,0,0,0,0
Arcbound Ravager,Artifact Creature - Beast,0,0,1,1,0,0,0,0,44.99,1,1,1,0,0
Archetype of Endurance,Enchantment Creature - Boar,0,0,1,0,1,0,0,0,2.93,0,0,0,0,0
Archfiend of Despair,Creature - Demon,0,0,1,0,0,0,0,0,14.99,1,1,0,0,0
Archon of Valor's Reach,Creature - Archon,0,0,1,0,0,0,0,0,0.76,0,0,0,0,0
Arclight Phoenix,Creature - Phoenix,0,0,1,0,0,0,0,0,23.15,1,1,1,0,0
Arena Rector,Creature - Human Cleric,0,0,1,0,0,0,0,0,22.9,1,1,1,0,0
Arid Mesa,Land,0,1,0,0,0,0,0,0,44.99,1,1,1,0,0
Ashen Rider,Creature - Archon,0,0,1,0,0,0,0,0,2.15,0,0,0,0,0
Assassin's Trophy,Instant,0,0,0,0,0,0,1,0,10.99,1,1,0,0,0
Aura of Silence,Enchantment,0,0,0,0,1,0,0,0,4.4,0,0,0,0,0
Auriok Salvagers,Creature - Human Soldier,0,0,1,0,0,0,0,0,0.43,0,0,0,0,0
Back to Basics,Enchantment,0,0,0,0,1,0,0,0,30.87,1,1,1,0,0
Badlands,Land - Swamp Mountain,0,1,0,0,0,0,0,0,263.04,1,1,1,1,1
Baleful Strix,Artifact Creature - Bird,0,0,1,1,0,0,0,0,9,1,0,0,0,0
Balustrade Spy,Creature - Vampire Rogue,0,0,1,0,0,0,0,0,0.15,0,0,0,0,0
Barbarian Ring,Land,0,1,0,0,0,0,0,0,0.49,0,0,0,0,0
Barren Moor,Land,0,1,0,0,0,0,0,0,0.24,0,0,0,0,0
Basilisk Collar,Artifact - Equipment,0,0,0,1,0,0,0,0,5.55,1,0,0,0,0
Batterskull,Artifact - Equipment,0,0,0,1,0,0,0,0,17.09,1,1,0,0,0
Bayou,Land - Swamp Forest,0,1,0,0,0,0,0,0,293.99,1,1,1,1,1
Bearscape,Enchantment,0,0,0,0,1,0,0,0,0.69,0,0,0,0,0
Beast Whisperer,Creature - Elf Druid,0,0,1,0,0,0,0,0,3,0,0,0,0,0
Become Immense,Instant,0,0,0,0,0,0,1,0,0.34,0,0,0,0,0
Berserk,Instant,0,0,0,0,0,0,1,0,12.12,1,1,0,0,0
Birchlore Rangers,Creature - Elf Druid,0,0,1,0,0,0,0,0,0.7,0,0,0,0,0
Birds of Paradise,Creature - Bird,0,0,1,0,0,0,0,0,7.14,1,0,0,0,0
Bitterblossom,Tribal Enchantment - Faerie,0,0,0,0,1,0,0,0,39.25,1,1,1,0,0
Blazing Volley,Sorcery,0,0,0,0,0,0,0,1,0.15,0,0,0,0,0
Blessed Alliance,Instant,0,0,0,0,0,0,1,0,0.78,0,0,0,0,0
Blighted Agent,Creature - Human Rogue,0,0,1,0,0,0,0,0,0.65,0,0,0,0,0
Blightning,Sorcery,0,0,0,0,0,0,0,1,0.49,0,0,0,0,0
Blightsteel Colossus,Artifact Creature - Golem,0,0,1,1,0,0,0,0,77.26,1,1,1,1,0
Blinkmoth Nexus,Land,0,1,0,0,0,0,0,0,5.99,1,0,0,0,0
Blood Crypt,Land - Swamp Mountain,0,1,0,0,0,0,0,0,9,1,0,0,0,0
Blood Moon,Enchantment,0,0,0,0,1,0,0,0,18,1,1,0,0,0
Bloodghast,Creature - Vampire Spirit,0,0,1,0,0,0,0,0,19.35,1,1,0,0,0
Bloodstained Mire,Land,0,1,0,0,0,0,0,0,35,1,1,1,0,0
Blooming Marsh,Land,0,1,0,0,0,0,0,0,4.99,0,0,0,0,0
Blossoming Defense,Instant,0,0,0,0,0,0,1,0,0.51,0,0,0,0,0
Blue Elemental Blast,Instant,0,0,0,0,0,0,1,0,0.26,0,0,0,0,0
Boil,Instant,0,0,0,0,0,0,1,0,0.56,0,0,0,0,0
Bojuka Bog,Land,0,1,0,0,0,0,0,0,1.95,0,0,0,0,0
"Boseiju, Who Shelters All",Legendary Land,1,1,0,0,0,0,0,0,18.51,1,1,0,0,0
Brainstorm,Instant,0,0,0,0,0,0,1,0,0.85,0,0,0,0,0
Breakthrough,Sorcery,0,0,0,0,0,0,0,1,0.25,0,0,0,0,0
Bridge from Below,Enchantment,0,0,0,0,1,0,0,0,5.67,1,0,0,0,0
Brightling,Creature - Shapeshifter,0,0,1,0,0,0,0,0,5.9,1,0,0,0,0
Buried Alive,Sorcery,0,0,0,0,0,0,0,1,2.45,0,0,0,0,0
Buried Ruin,Land,0,1,0,0,0,0,0,0,1.34,0,0,0,0,0
Burning Wish,Sorcery,0,0,0,0,0,0,0,1,0.88,0,0,0,0,0
Cabal Pit,Land,0,1,0,0,0,0,0,0,0.25,0,0,0,0,0
Cabal Ritual,Instant,0,0,0,0,0,0,1,0,1.67,0,0,0,0,0
Cabal Therapy,Sorcery,0,0,0,0,0,0,0,1,1.86,0,0,0,0,0
Candelabra of Tawnos,Artifact,0,0,0,1,0,0,0,0,887.5,1,1,1,1,1
Careful Study,Sorcery,0,0,0,0,0,0,0,1,0.94,0,0,0,0,0
Cataclysm,Sorcery,0,0,0,0,0,0,0,1,5.39,1,0,0,0,0
Cavern of Souls,Land,0,1,0,0,0,0,0,0,66,1,1,1,1,0
Celestial Purge,Instant,0,0,0,0,0,0,1,0,0.24,0,0,0,0,0
Cephalid Coliseum,Land,0,1,0,0,0,0,0,0,2.69,0,0,0,0,0
Chain Lightning,Sorcery,0,0,0,0,0,0,0,1,1.33,0,0,0,0,0
Chain of Vapor,Instant,0,0,0,0,0,0,1,0,1.73,0,0,0,0,0
Chalice of the Void,Artifact,0,0,0,1,0,0,0,0,59.99,1,1,1,1,0
Champion of the Parish,Creature - Human Soldier,0,0,1,0,0,0,0,0,3.86,0,0,0,0,0
Chancellor of the Annex,Creature - Angel,0,0,1,0,0,0,0,0,5.22,1,0,0,0,0
"Chandra, Torch of Defiance",Planeswalker - Chandra (4),0,0,0,0,0,1,0,0,11.99,1,1,0,0,0
Chart a Course,Sorcery,0,0,0,0,0,0,0,1,2.15,0,0,0,0,0
Chill,Enchantment,0,0,0,0,1,0,0,0,0.4,0,0,0,0,0
Choke,Enchantment,0,0,0,0,1,0,0,0,3.72,0,0,0,0,0
Chrome Mox,Artifact,0,0,0,1,0,0,0,0,35.99,1,1,1,0,0
Cindervines,Enchantment,0,0,0,0,1,0,0,0,1.44,0,0,0,0,0
City of Brass,Land,0,1,0,0,0,0,0,0,10.61,1,1,0,0,0
City of Traitors,Land,0,1,0,0,0,0,0,0,215.04,1,1,1,1,1
Cloudpost,Land - Locus,0,1,0,0,0,0,0,0,0.7,0,0,0,0,0
Coffin Purge,Instant,0,0,0,0,0,0,1,0,0.19,0,0,0,0,0
Collective Brutality,Sorcery,0,0,0,0,0,0,0,1,17.09,1,1,0,0,0
Compost,Enchantment,0,0,0,0,1,0,0,0,0.26,0,0,0,0,0
Condescend,Instant,0,0,0,0,0,0,1,0,0.55,0,0,0,0,0
Conjurer's Bauble,Artifact,0,0,0,1,0,0,0,0,0.25,0,0,0,0,0
Consign / Oblivion,Instant // Sorcery,0,0,0,0,0,0,1,1,0.24,0,0,0,0,0
Consume Spirit,Sorcery,0,0,0,0,0,0,0,1,0.25,0,0,0,0,0
Contagion,Instant,0,0,0,0,0,0,1,0,0.35,0,0,0,0,0
Containment Priest,Creature - Human Cleric,0,0,1,0,0,0,0,0,8,1,0,0,0,0
Council's Judgment,Sorcery,0,0,0,0,0,0,0,1,18.01,1,1,0,0,0
Counterbalance,Enchantment,0,0,0,0,1,0,0,0,13.24,1,1,0,0,0
Counterspell,Instant,0,0,0,0,0,0,1,0,1.27,0,0,0,0,0
Courser of Kruphix,Enchantment Creature - Centaur,0,0,1,0,1,0,0,0,3.99,0,0,0,0,0
Craterhoof Behemoth,Creature - Beast,0,0,1,0,0,0,0,0,34.67,1,1,1,0,0
Creeping Chill,Sorcery,0,0,0,0,0,0,0,1,0.44,0,0,0,0,0
Crop Rotation,Instant,0,0,0,0,0,0,1,0,3.2,0,0,0,0,0
Crucible of Worlds,Artifact,0,0,0,1,0,0,0,0,15.04,1,1,0,0,0
Cruel Reality,Enchantment - Aura Curse,0,0,0,0,1,0,0,0,0.81,0,0,0,0,0
Cryptbreaker,Creature - Zombie,0,0,1,0,0,0,0,0,2.65,0,0,0,0,0
Cryptic Command,Instant,0,0,0,0,0,0,1,0,25.99,1,1,1,0,0
Crystal Vein,Land,0,1,0,0,0,0,0,0,0.54,0,0,0,0,0
Crystalline Sliver,Creature - Sliver,0,0,1,0,0,0,0,0,3.59,0,0,0,0,0
Cunning Wish,Instant,0,0,0,0,0,0,1,0,7.07,1,0,0,0,0
Curse of Death's Hold,Enchantment - Aura Curse,0,0,0,0,1,0,0,0,0.47,0,0,0,0,0
Curse of Misfortunes,Enchantment - Aura Curse,0,0,0,0,1,0,0,0,0.45,0,0,0,0,0
Cursecatcher,Creature - Merfolk Wizard,0,0,1,0,0,0,0,0,1.44,0,0,0,0,0
Damping Sphere,Artifact,0,0,0,1,0,0,0,0,1.06,0,0,0,0,0
Dark Confidant,Creature - Human Wizard,0,0,1,0,0,0,0,0,86.18,1,1,1,1,0
Dark Depths,Legendary Snow Land,1,1,0,0,0,0,0,0,30.54,1,1,1,0,0
Dark Petition,Sorcery,0,0,0,0,0,0,0,1,2.49,0,0,0,0,0
Dark Ritual,Instant,0,0,0,0,0,0,1,0,0.63,0,0,0,0,0
Darkblast,Instant,0,0,0,0,0,0,1,0,1.29,0,0,0,0,0
Darkheart Sliver,Creature - Sliver,0,0,1,0,0,0,0,0,1.75,0,0,0,0,0
Darksteel Citadel,Artifact Land,0,1,0,1,0,0,0,0,0.51,0,0,0,0,0
Daze,Instant,0,0,0,0,0,0,1,0,2.29,0,0,0,0,0
Dead / Gone,Instant // Instant,0,0,0,0,0,0,1,0,0.16,0,0,0,0,0
Death's Shadow,Creature - Avatar,0,0,1,0,0,0,0,0,19.19,1,1,0,0,0
Deep Analysis,Sorcery,0,0,0,0,0,0,0,1,0.25,0,0,0,0,0
Defense Grid,Artifact,0,0,0,1,0,0,0,0,8.5,1,0,0,0,0
Delver of Secrets,Creature - Human Wizard,0,0,1,0,0,0,0,0,1.85,0,0,0,0,0
Deputy of Detention,Creature - Vedalken Wizard,0,0,1,0,0,0,0,0,2.59,0,0,0,0,0
Desperate Ritual,Instant - Arcane,0,0,0,0,0,0,1,0,1.99,0,0,0,0,0
Detention Sphere,Enchantment,0,0,0,0,1,0,0,0,1.94,0,0,0,0,0
Diabolic Edict,Instant,0,0,0,0,0,0,1,0,0.35,0,0,0,0,0
Diffusion Sliver,Creature - Sliver,0,0,1,0,0,0,0,0,0.6,0,0,0,0,0
Diminishing Returns,Sorcery,0,0,0,0,0,0,0,1,0.49,0,0,0,0,0
Dimir Charm,Instant,0,0,0,0,0,0,1,0,0.25,0,0,0,0,0
Dimir Signet,Artifact,0,0,0,1,0,0,0,0,1.42,0,0,0,0,0
Disenchant,Instant,0,0,0,0,0,0,1,0,0.84,0,0,0,0,0
Dismember,Instant,0,0,0,0,0,0,1,0,3.51,0,0,0,0,0
Disrupting Shoal,Instant - Arcane,0,0,0,0,0,0,1,0,4.18,0,0,0,0,0
Doomsday,Sorcery,0,0,0,0,0,0,0,1,2.35,0,0,0,0,0
Dragon's Claw,Artifact,0,0,0,1,0,0,0,0,0.28,0,0,0,0,0
Dread of Night,Enchantment,0,0,0,0,1,0,0,0,2.75,0,0,0,0,0
Dread Return,Sorcery,0,0,0,0,0,0,0,1,1.43,0,0,0,0,0
Dreadbore,Sorcery,0,0,0,0,0,0,0,1,2.73,0,0,0,0,0
Drop of Honey,Enchantment,0,0,0,0,1,0,0,0,775,1,1,1,1,1
Drowned Catacomb,Land,0,1,0,0,0,0,0,0,6.69,1,0,0,0,0
Dryad Arbor,Land Creature - Forest Dryad,0,1,1,0,0,0,0,0,14.25,1,1,0,0,0
Dryad Militant,Creature - Dryad Soldier,0,0,1,0,0,0,0,0,0.23,0,0,0,0,0
Duress,Sorcery,0,0,0,0,0,0,0,1,0.15,0,0,0,0,0
Echoing Truth,Instant,0,0,0,0,0,0,1,0,0.74,0,0,0,0,0
Eidolon of the Great Revel,Enchantment Creature - Spirit,0,0,1,0,1,0,0,0,6.37,1,0,0,0,0
Eladamri's Call,Instant,0,0,0,0,0,0,1,0,4.49,0,0,0,0,0
Eldrazi Mimic,Creature - Eldrazi,0,0,1,0,0,0,0,0,0.82,0,0,0,0,0
Eldrazi Temple,Land,0,1,0,0,0,0,0,0,7.94,1,0,0,0,0
Electrickery,Instant,0,0,0,0,0,0,1,0,0.33,0,0,0,0,0
Electrodominance,Instant,0,0,0,0,0,0,1,0,2.45,0,0,0,0,0
"Elesh Norn, Grand Cenobite",Legendary Creature - Praetor,1,0,1,0,0,0,0,0,19.99,1,1,0,0,0
"Elspeth, Knight-Errant",Legendary Planeswalker - Elspeth (4),1,0,0,0,0,1,0,0,14.5,1,1,0,0,0
Elvish Mystic,Creature - Elf Druid,0,0,1,0,0,0,0,0,0.22,0,0,0,0,0
Elvish Spirit Guide,Creature - Elf Spirit,0,0,1,0,0,0,0,0,4.9,0,0,0,0,0
Elvish Visionary,Creature - Elf Shaman,0,0,1,0,0,0,0,0,0.16,0,0,0,0,0
Empty the Warrens,Sorcery,0,0,0,0,0,0,0,1,0.46,0,0,0,0,0
"Emrakul, the Aeons Torn",Legendary Creature - Eldrazi,1,0,1,0,0,0,0,0,29.01,1,1,1,0,0
"Emrakul, the Promised End",Legendary Creature - Eldrazi,1,0,1,0,0,0,0,0,25,1,1,1,0,0
Endbringer,Creature - Eldrazi,0,0,1,0,0,0,0,0,0.6,0,0,0,0,0
Endless One,Creature - Eldrazi,0,0,1,0,0,0,0,0,0.91,0,0,0,0,0
Energy Field,Enchantment,0,0,0,0,1,0,0,0,8.36,1,0,0,0,0
Engineered Explosives,Artifact,0,0,0,1,0,0,0,0,26.8,1,1,1,0,0
Engineered Plague,Enchantment,0,0,0,0,1,0,0,0,0.48,0,0,0,0,0
Enlightened Tutor,Instant,0,0,0,0,0,0,1,0,24.99,1,1,1,0,0
Ensnaring Bridge,Artifact,0,0,0,1,0,0,0,0,44.99,1,1,1,0,0
Entomb,Instant,0,0,0,0,0,0,1,0,9.49,1,0,0,0,0
Entreat the Angels,Sorcery,0,0,0,0,0,0,0,1,2.26,0,0,0,0,0
Eternal Scourge,Creature - Eldrazi Horror,0,0,1,0,0,0,0,0,0.64,0,0,0,0,0
Eternal Witness,Creature - Human Shaman,0,0,1,0,0,0,0,0,4.9,0,0,0,0,0
Ethersworn Canonist,Artifact Creature - Human Cleric,0,0,1,1,0,0,0,0,8.99,1,0,0,0,0
Evolutionary Leap,Enchantment,0,0,0,0,1,0,0,0,0.99,0,0,0,0,0
Exhume,Sorcery,0,0,0,0,0,0,0,1,2.34,0,0,0,0,0
Expedition Map,Artifact,0,0,0,1,0,0,0,0,3.99,0,0,0,0,0
Experimental Frenzy,Enchantment,0,0,0,0,1,0,0,0,1.99,0,0,0,0,0
Exploration,Enchantment,0,0,0,0,1,0,0,0,28.24,1,1,1,0,0
Explore,Sorcery,0,0,0,0,0,0,0,1,0.25,0,0,0,0,0
Exquisite Firecraft,Sorcery,0,0,0,0,0,0,0,1,1.89,0,0,0,0,0
Extirpate,Instant,0,0,0,0,0,0,1,0,14.55,1,1,0,0,0
Eye of Ugin,Legendary Land,1,1,0,0,0,0,0,0,7.59,1,0,0,0,0
"Ezuri, Renegade Leader",Legendary Creature - Elf Warrior,1,0,1,0,0,0,0,0,4,0,0,0,0,0
Faerie Macabre,Creature - Faerie Rogue,0,0,1,0,0,0,0,0,1,0,0,0,0,0
Faithless Looting,Sorcery,0,0,0,0,0,0,0,1,1.17,0,0,0,0,0
Far / Away,Instant // Instant,0,0,0,0,0,0,1,0,0.24,0,0,0,0,0
Fatal Push,Instant,0,0,0,0,0,0,1,0,3.75,0,0,0,0,0
Fauna Shaman,Creature - Elf Shaman,0,0,1,0,0,0,0,0,7.03,1,0,0,0,0
Fierce Empath,Creature - Elf,0,0,1,0,0,0,0,0,0.37,0,0,0,0,0
Fiery Confluence,Sorcery,0,0,0,0,0,0,0,1,11.38,1,1,0,0,0
Fire / Ice,Instant // Instant,0,0,0,0,0,0,1,0,0.37,0,0,0,0,0
Fireblast,Instant,0,0,0,0,0,0,1,0,1.7,0,0,0,0,0
Firemind's Foresight,Instant,0,0,0,0,0,0,1,0,0.3,0,0,0,0,0
Flagstones of Trokair,Legendary Land,1,1,0,0,0,0,0,0,7.31,1,0,0,0,0
Flash of Insight,Instant,0,0,0,0,0,0,1,0,0.25,0,0,0,0,0
Flayer of the Hatebound,Creature - Devil,0,0,1,0,0,0,0,0,0.48,0,0,0,0,0
Flickerwisp,Creature - Elemental,0,0,1,0,0,0,0,0,0.79,0,0,0,0,0
Fling,Instant,0,0,0,0,0,0,1,0,0.15,0,0,0,0,0
Flooded Strand,Land,0,1,0,0,0,0,0,0,27.99,1,1,1,0,0
Flusterstorm,Instant,0,0,0,0,0,0,1,0,15.95,1,1,0,0,0
Food Chain,Enchantment,0,0,0,0,1,0,0,0,39.32,1,1,1,0,0
Force of Will,Instant,0,0,0,0,0,0,1,0,149.87,1,1,1,1,1
Forest,Basic Land - - Forest,0,1,0,0,0,0,0,0,0.1,0,0,0,0,0
Forked Bolt,Sorcery,0,0,0,0,0,0,0,1,0.49,0,0,0,0,0
From Beyond,Enchantment,0,0,0,0,1,0,0,0,0.5,0,0,0,0,0
Fyndhorn Elves,Creature - Elf Druid,0,0,1,0,0,0,0,0,1.97,0,0,0,0,0
Gaddock Teeg,Legendary Creature - Kithkin Advisor,1,0,1,0,0,0,0,0,11,1,1,0,0,0
Gaea's Cradle,Legendary Land,1,1,0,0,0,0,0,0,351.89,1,1,1,1,1
Galerider Sliver,Creature - Sliver,0,0,1,0,0,0,0,0,5.08,1,0,0,0,0
Gamble,Sorcery,0,0,0,0,0,0,0,1,4.98,0,0,0,0,0
Garruk Relentless,Legendary Planeswalker - Garruk (3),1,0,0,0,0,1,0,0,3.9,0,0,0,0,0
Gempalm Incinerator,Creature - Goblin,0,0,1,0,0,0,0,0,0.33,0,0,0,0,0
Gemstone Caverns,Legendary Land,1,1,0,0,0,0,0,0,44.99,1,1,1,0,0
Gemstone Mine,Land,0,1,0,0,0,0,0,0,16.05,1,1,0,0,0
Ghost Quarter,Land,0,1,0,0,0,0,0,0,1.54,0,0,0,0,0
Gideon of the Trials,Planeswalker - Gideon (3),0,0,0,0,0,1,0,0,5,1,0,0,0,0
"Gideon, Ally of Zendikar",Planeswalker - Gideon (4),0,0,0,0,0,1,0,0,7.36,1,0,0,0,0
Gilded Drake,Creature - Drake,0,0,1,0,0,0,0,0,58.48,1,1,1,1,0
Glacial Chasm,Land,0,1,0,0,0,0,0,0,3.5,0,0,0,0,0
Glimmerpost,Land - Locus,0,1,0,0,0,0,0,0,0.19,0,0,0,0,0
Glimpse of Nature,Sorcery,0,0,0,0,0,0,0,1,14.99,1,1,0,0,0
Glistener Elf,Creature - Elf Warrior,0,0,1,0,0,0,0,0,0.85,0,0,0,0,0
Goblin Bombardment,Enchantment,0,0,0,0,1,0,0,0,4.63,0,0,0,0,0
Goblin Chainwhirler,Creature - Goblin Warrior,0,0,1,0,0,0,0,0,3.49,0,0,0,0,0
Goblin Charbelcher,Artifact,0,0,0,1,0,0,0,0,1.9,0,0,0,0,0
Goblin Chieftain,Creature - Goblin,0,0,1,0,0,0,0,0,3.09,0,0,0,0,0
Goblin Cratermaker,Creature - Goblin Warrior,0,0,1,0,0,0,0,0,0.25,0,0,0,0,0
Goblin Guide,Creature - Goblin Scout,0,0,1,0,0,0,0,0,21.99,1,1,1,0,0
Goblin Lackey,Creature - Goblin,0,0,1,0,0,0,0,0,12.28,1,1,0,0,0
Goblin Matron,Creature - Goblin,0,0,1,0,0,0,0,0,0.76,0,0,0,0,0
Goblin Piledriver,Creature - Goblin Warrior,0,0,1,0,0,0,0,0,3.14,0,0,0,0,0
Goblin Rabblemaster,Creature - Goblin Warrior,0,0,1,0,0,0,0,0,3.51,0,0,0,0,0
Goblin Ringleader,Creature - Goblin,0,0,1,0,0,0,0,0,0.35,0,0,0,0,0
Goblin Sharpshooter,Creature - Goblin,0,0,1,0,0,0,0,0,4.12,0,0,0,0,0
Goblin Trashmaster,Creature - Goblin Warrior,0,0,1,0,0,0,0,0,0.86,0,0,0,0,0
Goblin Warchief,Creature - Goblin Warrior,0,0,1,0,0,0,0,0,0.35,0,0,0,0,0
Golgari Charm,Instant,0,0,0,0,0,0,1,0,0.29,0,0,0,0,0
Golgari Grave-Troll,Creature - Troll Skeleton,0,0,1,0,0,0,0,0,2.24,0,0,0,0,0
Golgari Thug,Creature - Human Warrior,0,0,1,0,0,0,0,0,2.45,0,0,0,0,0
Gone Missing,Sorcery,0,0,0,0,0,0,0,1,0.15,0,0,0,0,0
Grafdigger's Cage,Artifact,0,0,0,1,0,0,0,0,6.11,1,0,0,0,0
Grapeshot,Sorcery,0,0,0,0,0,0,0,1,0.64,0,0,0,0,0
Grave Titan,Creature - Giant,0,0,1,0,0,0,0,0,14.83,1,1,0,0,0
Gravecrawler,Creature - Zombie,0,0,1,0,0,0,0,0,7.2,1,0,0,0,0
Green Sun's Zenith,Sorcery,0,0,0,0,0,0,0,1,9.14,1,0,0,0,0
"Grenzo, Havoc Raiser",Legendary Creature - Goblin Rogue,1,0,1,0,0,0,0,0,5,1,0,0,0,0
Grim Lavamancer,Creature - Human Wizard,0,0,1,0,0,0,0,0,9.33,1,0,0,0,0
Grim Monolith,Artifact,0,0,0,1,0,0,0,0,109.97,1,1,1,1,1
Grim Tutor,Sorcery,0,0,0,0,0,0,0,1,219.69,1,1,1,1,1
Grindstone,Artifact,0,0,0,1,0,0,0,0,8.96,1,0,0,0,0
Grip of Phyresis,Instant,0,0,0,0,0,0,1,0,0.3,0,0,0,0,0
Griselbrand,Legendary Creature - Demon,1,0,1,0,0,0,0,0,18,1,1,0,0,0
Grove of the Burnwillows,Land,0,1,0,0,0,0,0,0,23.06,1,1,1,0,0
Gurmag Angler,Creature - Zombie Fish,0,0,1,0,0,0,0,0,0.48,0,0,0,0,0
Hangarback Walker,Artifact Creature - Construct,0,0,1,1,0,0,0,0,7.91,1,0,0,0,0
Hanweir Garrison,Creature - Human Soldier,0,0,1,0,0,0,0,0,1.54,0,0,0,0,0
Harbinger of the Tides,Creature - Merfolk Wizard,0,0,1,0,0,0,0,0,0.53,0,0,0,0,0
Harmonic Sliver,Creature - Sliver,0,0,1,0,0,0,0,0,2.54,0,0,0,0,0
Hazoret the Fervent,Legendary Creature - God,1,0,1,0,0,0,0,0,3.49,0,0,0,0,0
Helm of Obedience,Artifact,0,0,0,1,0,0,0,0,29.3,1,1,1,0,0
Heritage Druid,Creature - Elf Druid,0,0,1,0,0,0,0,0,8.16,1,0,0,0,0
Hero of Bladehold,Creature - Human Knight,0,0,1,0,0,0,0,0,6.26,1,0,0,0,0
Hibernation Sliver,Creature - Sliver,0,0,1,0,0,0,0,0,0.5,0,0,0,0,0
Hooting Mandrills,Creature - Ape,0,0,1,0,0,0,0,0,0.15,0,0,0,0,0
Hope of Ghirapur,Legendary Artifact Creature - Thopter,1,0,1,1,0,0,0,0,0.5,0,0,0,0,0
Horizon Canopy,Land,0,1,0,0,0,0,0,0,80.49,1,1,1,1,0
Hull Breach,Sorcery,0,0,0,0,0,0,0,1,1.51,0,0,0,0,0
Humility,Enchantment,0,0,0,0,1,0,0,0,34.99,1,1,1,0,0
Hurkyl's Recall,Instant,0,0,0,0,0,0,1,0,3.33,0,0,0,0,0
Hydroblast,Instant,0,0,0,0,0,0,1,0,1.44,0,0,0,0,0
Hydroid Krasis,Creature - Jellyfish Hydra Beast,0,0,1,0,0,0,0,0,25,1,1,1,0,0
Hymn to Tourach,Sorcery,0,0,0,0,0,0,0,1,1.21,0,0,0,0,0
Ichorid,Creature - Horror,0,0,1,0,0,0,0,0,0.85,0,0,0,0,0
Imperial Recruiter,Creature - Human Advisor,0,0,1,0,0,0,0,0,29.99,1,1,1,0,0
Impulse,Instant,0,0,0,0,0,0,1,0,0.26,0,0,0,0,0
Infernal Tutor,Sorcery,0,0,0,0,0,0,0,1,13.99,1,1,0,0,0
Inkmoth Nexus,Land,0,1,0,0,0,0,0,0,18.16,1,1,0,0,0
Inquisition of Kozilek,Sorcery,0,0,0,0,0,0,0,1,5,1,0,0,0,0
Insolent Neonate,Creature - Vampire,0,0,1,0,0,0,0,0,0.25,0,0,0,0,0
Into the North,Sorcery,0,0,0,0,0,0,0,1,0.24,0,0,0,0,0
Intuition,Instant,0,0,0,0,0,0,1,0,59.99,1,1,1,1,0
Inventors' Fair,Legendary Land,1,1,0,0,0,0,0,0,2.99,0,0,0,0,0
Invigorate,Instant,0,0,0,0,0,0,1,0,0.25,0,0,0,0,0
"Iona, Shield of Emeria",Legendary Creature - Angel,1,0,1,0,0,0,0,0,14.24,1,1,0,0,0
Island,Basic Land - - Island,0,1,0,0,0,0,0,0,0.1,0,0,0,0,0
Ixalan's Binding,Enchantment,0,0,0,0,1,0,0,0,1.38,0,0,0,0,0
Izzet Staticaster,Creature - Human Wizard,0,0,1,0,0,0,0,0,0.42,0,0,0,0,0
"Jace, the Mind Sculptor",Legendary Planeswalker - Jace (3),1,0,0,0,0,1,0,0,149.49,1,1,1,1,1
"Jace, Vryn's Prodigy",Legendary Creature - Human Wizard,1,0,1,0,0,0,0,0,17.17,1,1,0,0,0
Jeweled Amulet,Artifact,0,0,0,1,0,0,0,0,1.99,0,0,0,0,0
"Kambal, Consul of Allocation",Legendary Creature - Human Advisor,1,0,1,0,0,0,0,0,0.95,0,0,0,0,0
Karakas,Legendary Land,1,1,0,0,0,0,0,0,24.5,1,1,1,0,0
"Karn, Scion of Urza",Legendary Planeswalker - Karn (5),1,0,0,0,0,1,0,0,19.44,1,1,0,0,0
Kavu Predator,Creature - Kavu,0,0,1,0,0,0,0,0,0.39,0,0,0,0,0
"Kaya, Ghost Assassin",Planeswalker - Kaya (5),0,0,0,0,0,1,0,0,19.84,1,1,0,0,0
Kitesail Freebooter,Creature - Human Pirate,0,0,1,0,0,0,0,0,0.69,0,0,0,0,0
Knight of Autumn,Creature - Dryad Knight,0,0,1,0,0,0,0,0,3.3,0,0,0,0,0
Knight of the Reliquary,Creature - Human Knight,0,0,1,0,0,0,0,0,3.58,0,0,0,0,0
Kolaghan's Command,Instant,0,0,0,0,0,0,1,0,16.06,1,1,0,0,0
"Kozilek, the Great Distortion",Legendary Creature - Eldrazi,1,0,1,0,0,0,0,0,12,1,1,0,0,0
Kozilek's Return,Instant,0,0,0,0,0,0,1,0,1.87,0,0,0,0,0
"Krenko, Mob Boss",Legendary Creature - Goblin Warrior,1,0,1,0,0,0,0,0,3.77,0,0,0,0,0
Krosan Grip,Instant,0,0,0,0,0,0,1,0,3.39,0,0,0,0,0
Kuldotha Forgemaster,Artifact Creature - Construct,0,0,1,1,0,0,0,0,5.08,1,0,0,0,0
Lake of the Dead,Land,0,1,0,0,0,0,0,0,37.99,1,1,1,0,0
Land Grant,Sorcery,0,0,0,0,0,0,0,1,0.67,0,0,0,0,0
Lava Spike,Sorcery - Arcane,0,0,0,0,0,0,0,1,3.75,0,0,0,0,0
Legion Warboss,Creature - Goblin Soldier,0,0,1,0,0,0,0,0,2.77,0,0,0,0,0
Leonin Relic-Warder,Creature - Cat Cleric,0,0,1,0,0,0,0,0,0.23,0,0,0,0,0
"Leovold, Emissary of Trest",Legendary Creature - Elf Advisor,1,0,1,0,0,0,0,0,10.08,1,1,0,0,0
Leyline of Sanctity,Enchantment,0,0,0,0,1,0,0,0,24.87,1,1,1,0,0
Leyline of the Void,Enchantment,0,0,0,0,1,0,0,0,51.26,1,1,1,1,0
Life from the Loam,Sorcery,0,0,0,0,0,0,0,1,14.99,1,1,0,0,0
Light Up the Stage,Sorcery,0,0,0,0,0,0,0,1,2.09,0,0,0,0,0
Lightning Bolt,Instant,0,0,0,0,0,0,1,0,3,0,0,0,0,0
Lightning Greaves,Artifact - Equipment,0,0,0,1,0,0,0,0,7.35,1,0,0,0,0
Liliana of the Veil,Legendary Planeswalker - Liliana (3),1,0,0,0,0,1,0,0,83,1,1,1,1,0
"Liliana, the Last Hope",Legendary Planeswalker - Liliana (3),1,0,0,0,0,1,0,0,49.62,1,1,1,0,0
Lim-Dûl's Vault,Instant,0,0,0,0,0,0,1,0,7,1,0,0,0,0
Lingering Souls,Sorcery,0,0,0,0,0,0,0,1,0.95,0,0,0,0,0
Lion's Eye Diamond,Artifact,0,0,0,1,0,0,0,0,194.99,1,1,1,1,1
Living Wish,Sorcery,0,0,0,0,0,0,0,1,0.75,0,0,0,0,0
Llanowar Elves,Creature - Elf Druid,0,0,1,0,0,0,0,0,1.06,0,0,0,0,0
Lodestone Bauble,Artifact,0,0,0,1,0,0,0,0,3.2,0,0,0,0,0
Lodestone Golem,Artifact Creature - Golem,0,0,1,1,0,0,0,0,0.79,0,0,0,0,0
Lord of Atlantis,Creature - Merfolk,0,0,1,0,0,0,0,0,10.6,1,1,0,0,0
Lost Legacy,Sorcery,0,0,0,0,0,0,0,1,0.49,0,0,0,0,0
Lotus Petal,Artifact,0,0,0,1,0,0,0,0,7.99,1,0,0,0,0
Maelstrom Pulse,Sorcery,0,0,0,0,0,0,0,1,7.03,1,0,0,0,0
Magus of the Moon,Creature - Human Wizard,0,0,1,0,0,0,0,0,7.99,1,0,0,0,0
Mana Confluence,Land,0,1,0,0,0,0,0,0,11.35,1,1,0,0,0
Manabond,Enchantment,0,0,0,0,1,0,0,0,5.34,1,0,0,0,0
Manamorphose,Instant,0,0,0,0,0,0,1,0,20,1,1,0,0,0
Manipulate Fate,Sorcery,0,0,0,0,0,0,0,1,0.75,0,0,0,0,0
Manriki-Gusari,Artifact - Equipment,0,0,0,1,0,0,0,0,0.76,0,0,0,0,0
Marsh Casualties,Sorcery,0,0,0,0,0,0,0,1,0.22,0,0,0,0,0
Marsh Flats,Land,0,1,0,0,0,0,0,0,42.94,1,1,1,0,0
Massacre,Sorcery,0,0,0,0,0,0,0,1,0.58,0,0,0,0,0
Massacre Wurm,Creature - Wurm,0,0,1,0,0,0,0,0,23.52,1,1,1,0,0
Master of the Pearl Trident,Creature - Merfolk,0,0,1,0,0,0,0,0,4.59,0,0,0,0,0
Matsu-Tribe Sniper,Creature - Snake Warrior Archer,0,0,1,0,0,0,0,0,0.2,0,0,0,0,0
Matter Reshaper,Creature - Eldrazi,0,0,1,0,0,0,0,0,1.84,0,0,0,0,0
Maze of Ith,Land,0,1,0,0,0,0,0,0,20.82,1,1,1,0,0
Meddling Mage,Creature - Human Wizard,0,0,1,0,0,0,0,0,21.03,1,1,1,0,0
Meekstone,Artifact,0,0,0,1,0,0,0,0,8.07,1,0,0,0,0
Mental Note,Instant,0,0,0,0,0,0,1,0,0.41,0,0,0,0,0
Meren of Clan Nel Toth,Legendary Creature - Human Shaman,1,0,1,0,0,0,0,0,18.38,1,1,0,0,0
Metalworker,Artifact Creature - Construct,0,0,1,1,0,0,0,0,49.91,1,1,1,0,0
Mindbreak Trap,Instant - Trap,0,0,0,0,0,0,1,0,7.64,1,0,0,0,0
Minister of Pain,Creature - Human Shaman,0,0,1,0,0,0,0,0,0.21,0,0,0,0,0
Mirage Mirror,Artifact,0,0,0,1,0,0,0,0,3.49,0,0,0,0,0
Mirran Crusader,Creature - Human Knight,0,0,1,0,0,0,0,0,2.36,0,0,0,0,0
Mirror Entity,Creature - Shapeshifter,0,0,1,0,0,0,0,0,1.36,0,0,0,0,0
Misdirection,Instant,0,0,0,0,0,0,1,0,0.99,0,0,0,0,0
Mishra's Bauble,Artifact,0,0,0,1,0,0,0,0,8.49,1,0,0,0,0
Mishra's Factory,Land,0,1,0,0,0,0,0,0,0.39,0,0,0,0,0
Mission Briefing,Instant,0,0,0,0,0,0,1,0,1.84,0,0,0,0,0
Mistcaller,Creature - Merfolk Wizard,0,0,1,0,0,0,0,0,0.49,0,0,0,0,0
Misthollow Griffin,Creature - Griffin,0,0,1,0,0,0,0,0,0.95,0,0,0,0,0
Misty Rainforest,Land,0,1,0,0,0,0,0,0,79.95,1,1,1,1,0
Mogg War Marshal,Creature - Goblin Warrior,0,0,1,0,0,0,0,0,0.76,0,0,0,0,0
Molten Vortex,Enchantment,0,0,0,0,1,0,0,0,0.47,0,0,0,0,0
Monastery Mentor,Creature - Human Monk,0,0,1,0,0,0,0,0,19.99,1,1,0,0,0
Monastery Swiftspear,Creature - Human Monk,0,0,1,0,0,0,0,0,1.31,0,0,0,0,0
Mother of Runes,Creature - Human Cleric,0,0,1,0,0,0,0,0,2.7,0,0,0,0,0
Mountain,Basic Land - - Mountain,0,1,0,0,0,0,0,0,0.1,0,0,0,0,0
Mox Diamond,Artifact,0,0,0,1,0,0,0,0,210.04,1,1,1,1,1
Mox Opal,Legendary Artifact,1,0,0,1,0,0,0,0,97.75,1,1,1,1,0
Murderous Cut,Instant,0,0,0,0,0,0,1,0,0.25,0,0,0,0,0
Muscle Sliver,Creature - Sliver,0,0,1,0,0,0,0,0,0.93,0,0,0,0,0
Mutavault,Land,0,1,0,0,0,0,0,0,8.99,1,0,0,0,0
Mystic Enforcer,Creature - Human Nomad Mystic,0,0,1,0,0,0,0,0,0.39,0,0,0,0,0
Mystic Gate,Land,0,1,0,0,0,0,0,0,20.69,1,1,1,0,0
Myth Realized,Enchantment,0,0,0,0,1,0,0,0,0.47,0,0,0,0,0
Narcomoeba,Creature - Illusion,0,0,1,0,0,0,0,0,0.49,0,0,0,0,0
Natural Order,Sorcery,0,0,0,0,0,0,0,1,15.68,1,1,0,0,0
Nature's Claim,Instant,0,0,0,0,0,0,1,0,0.35,0,0,0,0,0
Nether Shadow,Creature - Spirit,0,0,1,0,0,0,0,0,2.25,0,0,0,0,0
Nettle Sentinel,Creature - Elf Warrior,0,0,1,0,0,0,0,0,0.99,0,0,0,0,0
"Nicol Bolas, Planeswalker",Legendary Planeswalker - Bolas (5),1,0,0,0,0,1,0,0,5.39,1,0,0,0,0
Night's Whisper,Sorcery,0,0,0,0,0,0,0,1,2.69,0,0,0,0,0
Nihil Spellbomb,Artifact,0,0,0,1,0,0,0,0,0.47,0,0,0,0,0
Nimble Mongoose,Creature - Mongoose,0,0,1,0,0,0,0,0,0.25,0,0,0,0,0
"Nissa, Vital Force",Planeswalker - Nissa (5),0,0,0,0,0,1,0,0,4.5,0,0,0,0,0
Noble Hierarch,Creature - Human Druid,0,0,1,0,0,0,0,0,48.12,1,1,1,0,0
Noxious Revival,Instant,0,0,0,0,0,0,1,0,4.85,0,0,0,0,0
Null Rod,Artifact,0,0,0,1,0,0,0,0,31.97,1,1,1,0,0
Oblivion Sower,Creature - Eldrazi,0,0,1,0,0,0,0,0,1.49,0,0,0,0,0
Omniscience,Enchantment,0,0,0,0,1,0,0,0,6.12,1,0,0,0,0
Orzhov Pontiff,Creature - Human Cleric,0,0,1,0,0,0,0,0,4.43,0,0,0,0,0
Overwhelming Splendor,Enchantment - Aura Curse,0,0,0,0,1,0,0,0,1.51,0,0,0,0,0
Pack Rat,Creature - Rat,0,0,1,0,0,0,0,0,1.89,0,0,0,0,0
"Padeem, Consul of Innovation",Legendary Creature - Vedalken Artificer,1,0,1,0,0,0,0,0,0.91,0,0,0,0,0
Painter's Servant,Artifact Creature - Scarecrow,0,0,1,1,0,0,0,0,9.52,1,0,0,0,0
Palace Jailer,Creature - Human Soldier,0,0,1,0,0,0,0,0,3.41,0,0,0,0,0
Past in Flames,Sorcery,0,0,0,0,0,0,0,1,5,1,0,0,0,0
Path to Exile,Instant,0,0,0,0,0,0,1,0,9.49,1,0,0,0,0
Pendelhaven,Legendary Land,1,1,0,0,0,0,0,0,4.19,0,0,0,0,0
Perilous Voyage,Instant,0,0,0,0,0,0,1,0,0.2,0,0,0,0,0
Pernicious Deed,Enchantment,0,0,0,0,1,0,0,0,4.15,0,0,0,0,0
Phantasmagorian,Creature - Horror,0,0,1,0,0,0,0,0,0.49,0,0,0,0,0
Phantasmal Image,Creature - Illusion,0,0,1,0,0,0,0,0,16.66,1,1,0,0,0
Phyrexian Crusader,Creature - Zombie Knight,0,0,1,0,0,0,0,0,5.19,1,0,0,0,0
Phyrexian Revoker,Artifact Creature - Horror,0,0,1,1,0,0,0,0,1.25,0,0,0,0,0
Phyrexian Tower,Legendary Land,1,1,0,0,0,0,0,0,28.24,1,1,1,0,0
Pia and Kiran Nalaar,Legendary Creature - Human Artificer,1,0,1,0,0,0,0,0,0.8,0,0,0,0,0
Pieces of the Puzzle,Sorcery,0,0,0,0,0,0,0,1,0.26,0,0,0,0,0
Pithing Needle,Artifact,0,0,0,1,0,0,0,0,2.19,0,0,0,0,0
Plains,Basic Land - - Plains,0,1,0,0,0,0,0,0,0.1,0,0,0,0,0
Plateau,Land - Mountain Plains,0,1,0,0,0,0,0,0,136.68,1,1,1,1,1
Platinum Emperion,Artifact Creature - Golem,0,0,1,1,0,0,0,0,8.81,1,0,0,0,0
Polluted Delta,Land,0,1,0,0,0,0,0,0,29.99,1,1,1,0,0
Ponder,Sorcery,0,0,0,0,0,0,0,1,1.94,0,0,0,0,0
Portent,Sorcery,0,0,0,0,0,0,0,1,0.5,0,0,0,0,0
Predatory Sliver,Creature - Sliver,0,0,1,0,0,0,0,0,0.3,0,0,0,0,0
Predict,Instant,0,0,0,0,0,0,1,0,0.49,0,0,0,0,0
Preordain,Sorcery,0,0,0,0,0,0,0,1,3.83,0,0,0,0,0
Price of Progress,Instant,0,0,0,0,0,0,1,0,1.93,0,0,0,0,0
Priest of Titania,Creature - Elf Druid,0,0,1,0,0,0,0,0,4.99,0,0,0,0,0
Prized Amalgam,Creature - Zombie,0,0,1,0,0,0,0,0,3.86,0,0,0,0,0
Progenitus,Legendary Creature - Hydra Avatar,1,0,1,0,0,0,0,0,9.49,1,0,0,0,0
Pteramander,Creature - Salamander Drake,0,0,1,0,0,0,0,0,2.27,0,0,0,0,0
Pulverize,Sorcery,0,0,0,0,0,0,0,1,0.54,0,0,0,0,0
Punishing Fire,Instant,0,0,0,0,0,0,1,0,0.34,0,0,0,0,0
Putrid Imp,Creature - Zombie Imp,0,0,1,0,0,0,0,0,0.36,0,0,0,0,0
Pyretic Ritual,Instant,0,0,0,0,0,0,1,0,2.51,0,0,0,0,0
Pyroblast,Instant,0,0,0,0,0,0,1,0,2.85,0,0,0,0,0
Pyroclasm,Sorcery,0,0,0,0,0,0,0,1,0.28,0,0,0,0,0
Pyromancer Ascension,Enchantment,0,0,0,0,1,0,0,0,6.25,1,0,0,0,0
Pyrostatic Pillar,Enchantment,0,0,0,0,1,0,0,0,0.61,0,0,0,0,0
Qasali Pridemage,Creature - Cat Wizard,0,0,1,0,0,0,0,0,1.25,0,0,0,0,0
Quirion Ranger,Creature - Elf,0,0,1,0,0,0,0,0,3.51,0,0,0,0,0
Rain of Filth,Instant,0,0,0,0,0,0,1,0,2,0,0,0,0,0
Rakdos Charm,Instant,0,0,0,0,0,0,1,0,0.39,0,0,0,0,0
Ramunap Excavator,Creature - Naga Cleric,0,0,1,0,0,0,0,0,3.49,0,0,0,0,0
Ratchet Bomb,Artifact,0,0,0,1,0,0,0,0,1.63,0,0,0,0,0
Reality Smasher,Creature - Eldrazi,0,0,1,0,0,0,0,0,2.5,0,0,0,0,0
Reanimate,Sorcery,0,0,0,0,0,0,0,1,12.97,1,1,0,0,0
Reclamation Sage,Creature - Elf Shaman,0,0,1,0,0,0,0,0,0.39,0,0,0,0,0
Recruiter of the Guard,Creature - Human Soldier,0,0,1,0,0,0,0,0,24.67,1,1,1,0,0
Red Elemental Blast,Instant,0,0,0,0,0,0,1,0,0.35,0,0,0,0,0
Reflector Mage,Creature - Human Wizard,0,0,1,0,0,0,0,0,1.25,0,0,0,0,0
Reforge the Soul,Sorcery,0,0,0,0,0,0,0,1,4.76,0,0,0,0,0
Release the Ants,Instant,0,0,0,0,0,0,1,0,0.24,0,0,0,0,0
Relic of Progenitus,Artifact,0,0,0,1,0,0,0,0,4.49,0,0,0,0,0
Remorseful Cleric,Creature - Spirit Cleric,0,0,1,0,0,0,0,0,1.07,0,0,0,0,0
Renegade Rallier,Creature - Human Warrior,0,0,1,0,0,0,0,0,0.25,0,0,0,0,0
Rest in Peace,Enchantment,0,0,0,0,1,0,0,0,11.75,1,1,0,0,0
Retrofitter Foundry,Artifact,0,0,0,1,0,0,0,0,1.99,0,0,0,0,0
Reveillark,Creature - Elemental,0,0,1,0,0,0,0,0,2.45,0,0,0,0,0
Reverent Silence,Sorcery,0,0,0,0,0,0,0,1,0.25,0,0,0,0,0
Rift Bolt,Sorcery,0,0,0,0,0,0,0,1,0.95,0,0,0,0,0
Riftstone Portal,Land,0,1,0,0,0,0,0,0,0.73,0,0,0,0,0
Rishadan Port,Land,0,1,0,0,0,0,0,0,19.73,1,1,0,0,0
Risk Factor,Instant,0,0,0,0,0,0,1,0,4.57,0,0,0,0,0
Rite of Consumption,Sorcery,0,0,0,0,0,0,0,1,1,0,0,0,0,0
Rite of Flame,Sorcery,0,0,0,0,0,0,0,1,1.49,0,0,0,0,0
Runed Halo,Enchantment,0,0,0,0,1,0,0,0,8.07,1,0,0,0,0
Rushing River,Instant,0,0,0,0,0,0,1,0,0.2,0,0,0,0,0
"Sai, Master Thopterist",Legendary Creature - Human Artificer,1,0,1,0,0,0,0,0,1.68,0,0,0,0,0
Sanctum Prelate,Creature - Human Cleric,0,0,1,0,0,0,0,0,11.38,1,1,0,0,0
Savannah,Land - Forest Plains,0,1,0,0,0,0,0,0,171.39,1,1,1,1,1
Scab-Clan Berserker,Creature - Human Berserker,0,0,1,0,0,0,0,0,0.48,0,0,0,0,0
Scalding Tarn,Land,0,1,0,0,0,0,0,0,109.99,1,1,1,1,1
Scattered Groves,Land - Forest Plains,0,1,0,0,0,0,0,0,1.59,0,0,0,0,0
Scavenging Ooze,Creature - Ooze,0,0,1,0,0,0,0,0,4.69,0,0,0,0,0
Scrubland,Land - Plains Swamp,0,1,0,0,0,0,0,0,188.09,1,1,1,1,1
Scryb Ranger,Creature - Faerie,0,0,1,0,0,0,0,0,5.1,1,0,0,0,0
Seal of Cleansing,Enchantment,0,0,0,0,1,0,0,0,0.2,0,0,0,0,0
Search for Azcanta,Legendary Enchantment,1,0,0,0,1,0,0,0,15.23,1,1,0,0,0
Searing Blaze,Instant,0,0,0,0,0,0,1,0,1.68,0,0,0,0,0
Searing Blood,Instant,0,0,0,0,0,0,1,0,0.81,0,0,0,0,0
Seat of the Synod,Artifact Land,0,1,0,1,0,0,0,0,0.94,0,0,0,0,0
Seething Song,Instant,0,0,0,0,0,0,1,0,0.87,0,0,0,0,0
Sejiri Steppe,Land,0,1,0,0,0,0,0,0,0.18,0,0,0,0,0
Serenity,Enchantment,0,0,0,0,1,0,0,0,1.29,0,0,0,0,0
Serra Avenger,Creature - Angel,0,0,1,0,0,0,0,0,1.82,0,0,0,0,0
"Shalai, Voice of Plenty",Legendary Creature - Angel,1,0,1,0,0,0,0,0,3.17,0,0,0,0,0
Shambling Shell,Creature - Plant Zombie,0,0,1,0,0,0,0,0,0.2,0,0,0,0,0
Shambling Vent,Land,0,1,0,0,0,0,0,0,1.48,0,0,0,0,0
Shardless Agent,Artifact Creature - Human Rogue,0,0,1,1,0,0,0,0,1.75,0,0,0,0,0
Shattering Spree,Sorcery,0,0,0,0,0,0,0,1,6.13,1,0,0,0,0
Sheltered Thicket,Land - Mountain Forest,0,1,0,0,0,0,0,0,1.62,0,0,0,0,0
Show and Tell,Sorcery,0,0,0,0,0,0,0,1,14.98,1,1,0,0,0
Shriekmaw,Creature - Elemental,0,0,1,0,0,0,0,0,1.31,0,0,0,0,0
Sidewinder Sliver,Creature - Sliver,0,0,1,0,0,0,0,0,0.99,0,0,0,0,0
Siege-Gang Commander,Creature - Goblin,0,0,1,0,0,0,0,0,0.85,0,0,0,0,0
"Sigarda, Host of Herons",Legendary Creature - Angel,1,0,1,0,0,0,0,0,8.04,1,0,0,0,0
Silent Arbiter,Artifact Creature - Construct,0,0,1,1,0,0,0,0,4.6,0,0,0,0,0
Silent Gravestone,Artifact,0,0,0,1,0,0,0,0,0.59,0,0,0,0,0
Silvergill Adept,Creature - Merfolk Wizard,0,0,1,0,0,0,0,0,0.44,0,0,0,0,0
Simian Spirit Guide,Creature - Ape Spirit,0,0,1,0,0,0,0,0,2.99,0,0,0,0,0
Sinew Sliver,Creature - Sliver,0,0,1,0,0,0,0,0,2.84,0,0,0,0,0
Sire of Insanity,Creature - Demon,0,0,1,0,0,0,0,0,0.5,0,0,0,0,0
Skeletal Scrying,Instant,0,0,0,0,0,0,1,0,0.25,0,0,0,0,0
Skewer the Critics,Sorcery,0,0,0,0,0,0,0,1,0.6,0,0,0,0,0
Skirk Prospector,Creature - Goblin,0,0,1,0,0,0,0,0,0.15,0,0,0,0,0
Sliver Hive,Land,0,1,0,0,0,0,0,0,7.99,1,0,0,0,0
Smash to Smithereens,Instant,0,0,0,0,0,0,1,0,0.2,0,0,0,0,0
Snapcaster Mage,Creature - Human Wizard,0,0,1,0,0,0,0,0,65.12,1,1,1,1,0
Sneak Attack,Enchantment,0,0,0,0,1,0,0,0,23,1,1,1,0,0
Snow-Covered Forest,Basic Snow Land - Forest,0,1,0,0,0,0,0,0,0.99,0,0,0,0,0
Snow-Covered Island,Basic Snow Land - Island,0,1,0,0,0,0,0,0,2.54,0,0,0,0,0
Snow-Covered Mountain,Basic Snow Land - Mountain,0,1,0,0,0,0,0,0,3.15,0,0,0,0,0
Snow-Covered Plains,Basic Snow Land - Plains,0,1,0,0,0,0,0,0,1.09,0,0,0,0,0
Snow-Covered Swamp,Basic Snow Land - Swamp,0,1,0,0,0,0,0,0,1.07,0,0,0,0,0
Snuff Out,Instant,0,0,0,0,0,0,1,0,2.99,0,0,0,0,0
Sorcerous Spyglass,Artifact,0,0,0,1,0,0,0,0,2.65,0,0,0,0,0
"Sorin, Lord of Innistrad",Planeswalker - Sorin,0,0,0,0,0,1,0,0,9.54,1,0,0,0,0
Spell Pierce,Instant,0,0,0,0,0,0,1,0,0.25,0,0,0,0,0
Spell Snare,Instant,0,0,0,0,0,0,1,0,1.57,0,0,0,0,0
Spellseeker,Creature - Human Wizard,0,0,1,0,0,0,0,0,7.43,1,0,0,0,0
Spellskite,Artifact Creature - Horror,0,0,1,1,0,0,0,0,8.99,1,0,0,0,0
Sphere of Resistance,Artifact,0,0,0,1,0,0,0,0,19.96,1,1,0,0,0
Spine of Ish Sah,Artifact,0,0,0,1,0,0,0,0,0.58,0,0,0,0,0
Spire of Industry,Land,0,1,0,0,0,0,0,0,1,0,0,0,0,0
Spirit of the Labyrinth,Enchantment Creature - Spirit,0,0,1,0,1,0,0,0,0.7,0,0,0,0,0
Spreading Seas,Enchantment - Aura,0,0,0,0,1,0,0,0,1.35,0,0,0,0,0
Staff of Domination,Artifact,0,0,0,1,0,0,0,0,38.47,1,1,1,0,0
Standstill,Enchantment,0,0,0,0,1,0,0,0,3.1,0,0,0,0,0
Steam Vents,Land - Island Mountain,0,1,0,0,0,0,0,0,11.95,1,1,0,0,0
Steel Hellkite,Artifact Creature - Dragon,0,0,1,1,0,0,0,0,0.99,0,0,0,0,0
Steel Overseer,Artifact Creature - Construct,0,0,1,1,0,0,0,0,15.05,1,1,0,0,0
Steely Resolve,Enchantment,0,0,0,0,1,0,0,0,8,1,0,0,0,0
Stifle,Instant,0,0,0,0,0,0,1,0,4.39,0,0,0,0,0
Stingscourger,Creature - Goblin Warrior,0,0,1,0,0,0,0,0,0.18,0,0,0,0,0
Stinkweed Imp,Creature - Imp,0,0,1,0,0,0,0,0,1.38,0,0,0,0,0
Stitcher's Supplier,Creature - Zombie,0,0,1,0,0,0,0,0,1.25,0,0,0,0,0
Stonecloaker,Creature - Gargoyle,0,0,1,0,0,0,0,0,0.26,0,0,0,0,0
Stoneforge Mystic,Creature - Kor Artificer,0,0,1,0,0,0,0,0,37.99,1,1,1,0,0
Street Wraith,Creature - Wraith,0,0,1,0,0,0,0,0,3,0,0,0,0,0
Striking Sliver,Creature - Sliver,0,0,1,0,0,0,0,0,0.25,0,0,0,0,0
Stubborn Denial,Instant,0,0,0,0,0,0,1,0,0.98,0,0,0,0,0
Submerge,Instant,0,0,0,0,0,0,1,0,1.08,0,0,0,0,0
Sudden Shock,Instant,0,0,0,0,0,0,1,0,0.49,0,0,0,0,0
Sulfur Elemental,Creature - Elemental,0,0,1,0,0,0,0,0,0.65,0,0,0,0,0
Sulfuric Vortex,Enchantment,0,0,0,0,1,0,0,0,0.67,0,0,0,0,0
Sundering Titan,Artifact Creature - Golem,0,0,1,1,0,0,0,0,1.95,0,0,0,0,0
Supreme Verdict,Sorcery,0,0,0,0,0,0,0,1,4.5,0,0,0,0,0
Surgical Extraction,Instant,0,0,0,0,0,0,1,0,60.53,1,1,1,1,0
Swamp,Basic Land - - Swamp,0,1,0,0,0,0,0,0,0.09,0,0,0,0,0
Sword of Feast and Famine,Artifact - Equipment,0,0,0,1,0,0,0,0,37.84,1,1,1,0,0
Sword of Fire and Ice,Artifact - Equipment,0,0,0,1,0,0,0,0,62.99,1,1,1,1,0
Sword of Light and Shadow,Artifact - Equipment,0,0,0,1,0,0,0,0,31.99,1,1,1,0,0
Sword of War and Peace,Artifact - Equipment,0,0,0,1,0,0,0,0,17.33,1,1,0,0,0
Swords to Plowshares,Instant,0,0,0,0,0,0,1,0,1.25,0,0,0,0,0
Sylvan Library,Enchantment,0,0,0,0,1,0,0,0,38.95,1,1,1,0,0
Sylvan Messenger,Creature - Elf,0,0,1,0,0,0,0,0,0.24,0,0,0,0,0
Sylvan Safekeeper,Creature - Human Wizard,0,0,1,0,0,0,0,0,8.07,1,0,0,0,0
Sylvan Scrying,Sorcery,0,0,0,0,0,0,0,1,0.35,0,0,0,0,0
Syphon Sliver,Creature - Sliver,0,0,1,0,0,0,0,0,2.47,0,0,0,0,0
Taiga,Land - Mountain Forest,0,1,0,0,0,0,0,0,167.6,1,1,1,1,1
Tainted Strike,Instant,0,0,0,0,0,0,1,0,0.27,0,0,0,0,0
Tarfire,Tribal Instant - Goblin,0,0,0,0,0,0,1,0,0.4,0,0,0,0,0
Tarmogoyf,Creature - Lhurgoyf,0,0,1,0,0,0,0,0,52.2,1,1,1,1,0
"Tasigur, the Golden Fang",Legendary Creature - Human Shaman,1,0,1,0,0,0,0,0,0.98,0,0,0,0,0
"Teferi, Hero of Dominaria",Legendary Planeswalker - Teferi (4),1,0,0,0,0,1,0,0,41,1,1,1,0,0
Temporal Mastery,Sorcery,0,0,0,0,0,0,0,1,11.85,1,1,0,0,0
Tendrils of Agony,Sorcery,0,0,0,0,0,0,0,1,2.33,0,0,0,0,0
Terminus,Sorcery,0,0,0,0,0,0,0,1,4.04,0,0,0,0,0
Terravore,Creature - Lhurgoyf,0,0,1,0,0,0,0,0,2.73,0,0,0,0,0
"Tezzeret, Artifice Master",Legendary Planeswalker - Tezzeret (5),1,0,0,0,0,1,0,0,6.43,1,0,0,0,0
Tezzeret's Gambit,Sorcery,0,0,0,0,0,0,0,1,0.52,0,0,0,0,0
"Thalia, Guardian of Thraben",Legendary Creature - Human Soldier,1,0,1,0,0,0,0,0,10.98,1,1,0,0,0
"Thalia, Heretic Cathar",Legendary Creature - Human Soldier,1,0,1,0,0,0,0,0,2.05,0,0,0,0,0
Thalia's Lieutenant,Creature - Human Soldier,0,0,1,0,0,0,0,0,2.19,0,0,0,0,0
The Antiquities War,Enchantment - Saga,0,0,0,0,1,0,0,0,0.5,0,0,0,0,0
The Rack,Artifact,0,0,0,1,0,0,0,0,3.99,0,0,0,0,0
The Tabernacle at Pendrell Vale,Legendary Land,1,1,0,0,0,0,0,0,2480.49,1,1,1,1,1
Thespian's Stage,Land,0,1,0,0,0,0,0,0,2.86,0,0,0,0,0
Thing in the Ice,Creature - Horror,0,0,1,0,0,0,0,0,15.66,1,1,0,0,0
Thorn of Amethyst,Artifact,0,0,0,1,0,0,0,0,20,1,1,0,0,0
Thought Scour,Instant,0,0,0,0,0,0,1,0,0.45,0,0,0,0,0
Thought-Knot Seer,Creature - Eldrazi,0,0,1,0,0,0,0,0,6.99,1,0,0,0,0
Thoughtcast,Sorcery,0,0,0,0,0,0,0,1,0.39,0,0,0,0,0
Thoughtseize,Sorcery,0,0,0,0,0,0,0,1,14.13,1,1,0,0,0
Thragtusk,Creature - Beast,0,0,1,0,0,0,0,0,2.32,0,0,0,0,0
Thran Dynamo,Artifact,0,0,0,1,0,0,0,0,5.13,1,0,0,0,0
Throne of Geth,Artifact,0,0,0,1,0,0,0,0,1.82,0,0,0,0,0
Through the Breach,Instant - Arcane,0,0,0,0,0,0,1,0,14.27,1,1,0,0,0
Tidehollow Sculler,Artifact Creature - Zombie,0,0,1,1,0,0,0,0,1.23,0,0,0,0,0
Tidespout Tyrant,Creature - Djinn,0,0,1,0,0,0,0,0,2.71,0,0,0,0,0
Tinder Wall,Creature - Plant Wall,0,0,1,0,0,0,0,0,0.24,0,0,0,0,0
Tireless Tracker,Creature - Human Scout,0,0,1,0,0,0,0,0,9.89,1,0,0,0,0
"Titania, Protector of Argoth",Legendary Creature - Elemental,1,0,1,0,0,0,0,0,16,1,1,0,0,0
To the Slaughter,Instant,0,0,0,0,0,0,1,0,0.47,0,0,0,0,0
Tombstalker,Creature - Demon,0,0,1,0,0,0,0,0,1.64,0,0,0,0,0
Tormod's Crypt,Artifact,0,0,0,1,0,0,0,0,0.92,0,0,0,0,0
Toxic Deluge,Sorcery,0,0,0,0,0,0,0,1,26.73,1,1,1,0,0
Tranquil Thicket,Land,0,1,0,0,0,0,0,0,0.2,0,0,0,0,0
Trash for Treasure,Sorcery,0,0,0,0,0,0,0,1,1,0,0,0,0,0
Traverse the Ulvenwald,Sorcery,0,0,0,0,0,0,0,1,2.37,0,0,0,0,0
"Traxos, Scourge of Kroog",Legendary Artifact Creature - Construct,1,0,1,1,0,0,0,0,0.49,0,0,0,0,0
Tree of Tales,Artifact Land,0,1,0,1,0,0,0,0,0.96,0,0,0,0,0
Trickbind,Instant,0,0,0,0,0,0,1,0,4.8,0,0,0,0,0
Trinisphere,Artifact,0,0,0,1,0,0,0,0,28,1,1,1,0,0
Trinket Mage,Creature - Human Wizard,0,0,1,0,0,0,0,0,0.25,0,0,0,0,0
Tropical Island,Land - Forest Island,0,1,0,0,0,0,0,0,288.74,1,1,1,1,1
True Believer,Creature - Human Cleric,0,0,1,0,0,0,0,0,1.52,0,0,0,0,0
True-Name Nemesis,Creature - Merfolk Rogue,0,0,1,0,0,0,0,0,13.69,1,1,0,0,0
Tsunami,Sorcery,0,0,0,0,0,0,0,1,0.25,0,0,0,0,0
Tundra,Land - Plains Island,0,1,0,0,0,0,0,0,334.49,1,1,1,1,1
"Ugin, the Spirit Dragon",Legendary Planeswalker - Ugin (7),1,0,0,0,0,1,0,0,70,1,1,1,1,0
"Ulamog, the Ceaseless Hunger",Legendary Creature - Eldrazi,1,0,1,0,0,0,0,0,39.99,1,1,1,0,0
Umezawa's Jitte,Legendary Artifact - Equipment,1,0,0,1,0,0,0,0,18.95,1,1,0,0,0
Unclaimed Territory,Land,0,1,0,0,0,0,0,0,1.53,0,0,0,0,0
Underground Sea,Land - Island Swamp,0,1,0,0,0,0,0,0,599.99,1,1,1,1,1
Undiscovered Paradise,Land,0,1,0,0,0,0,0,0,11.64,1,1,0,0,0
Unearth,Sorcery,0,0,0,0,0,0,0,1,0.3,0,0,0,0,0
Unexpectedly Absent,Instant,0,0,0,0,0,0,1,0,0.74,0,0,0,0,0
Unmask,Sorcery,0,0,0,0,0,0,0,1,11.87,1,1,0,0,0
Unmoored Ego,Sorcery,0,0,0,0,0,0,0,1,0.75,0,0,0,0,0
"Urborg, Tomb of Yawgmoth",Legendary Land,1,1,0,0,0,0,0,0,14.99,1,1,0,0,0
Urza's Bauble,Artifact,0,0,0,1,0,0,0,0,1.1,0,0,0,0,0
Vampire Hexmage,Creature - Vampire Shaman,0,0,1,0,0,0,0,0,0.39,0,0,0,0,0
Vapor Snag,Instant,0,0,0,0,0,0,1,0,0.58,0,0,0,0,0
Vault of Whispers,Artifact Land,0,1,0,1,0,0,0,0,0.5,0,0,0,0,0
Vault Skirge,Artifact Creature - Imp,0,0,1,1,0,0,0,0,0.48,0,0,0,0,0
Vendilion Clique,Legendary Creature - Faerie Wizard,1,0,1,0,0,0,0,0,20.93,1,1,1,0,0
Vengeful Pharaoh,Creature - Zombie,0,0,1,0,0,0,0,0,2.38,0,0,0,0,0
Verdant Catacombs,Land,0,1,0,0,0,0,0,0,70,1,1,1,1,0
Vesuva,Land,0,1,0,0,0,0,0,0,34.49,1,1,1,0,0
Veteran Explorer,Creature - Human Soldier Scout,0,0,1,0,0,0,0,0,0.74,0,0,0,0,0
Vindicate,Sorcery,0,0,0,0,0,0,0,1,3.89,0,0,0,0,0
Vines of Vastwood,Instant,0,0,0,0,0,0,1,0,1,0,0,0,0,0
Viridian Corrupter,Creature - Elf Shaman,0,0,1,0,0,0,0,0,0.31,0,0,0,0,0
Volcanic Fallout,Instant,0,0,0,0,0,0,1,0,0.33,0,0,0,0,0
Volcanic Island,Land - Island Mountain,0,1,0,0,0,0,0,0,450,1,1,1,1,1
Voltaic Key,Artifact,0,0,0,1,0,0,0,0,1.24,0,0,0,0,0
"Vraska, Golgari Queen",Legendary Planeswalker - Vraska (4),1,0,0,0,0,1,0,0,5.27,1,0,0,0,0
Walking Ballista,Artifact Creature - Construct,0,0,1,1,0,0,0,0,14.95,1,1,0,0,0
Warping Wail,Instant,0,0,0,0,0,0,1,0,0.49,0,0,0,0,0
Wasteland,Land,0,1,0,0,0,0,0,0,44.99,1,1,1,0,0
Wastes,Basic Land,0,1,0,0,0,0,0,0,1.65,0,0,0,0,0
Watery Grave,Land - Island Swamp,0,1,0,0,0,0,0,0,11.92,1,1,0,0,0
Wear / Tear,Instant // Instant,0,0,0,0,0,0,1,0,1.85,0,0,0,0,0
Whirlpool Rider,Creature - Merfolk,0,0,1,0,0,0,0,0,0.37,0,0,0,0,0
Windswept Heath,Land,0,1,0,0,0,0,0,0,16.74,1,1,0,0,0
Winter Orb,Artifact,0,0,0,1,0,0,0,0,4.8,0,0,0,0,0
Wipe Away,Instant,0,0,0,0,0,0,1,0,2.79,0,0,0,0,0
Wirewood Symbiote,Creature - Insect,0,0,1,0,0,0,0,0,0.71,0,0,0,0,0
Witchbane Orb,Artifact,0,0,0,1,0,0,0,0,1.05,0,0,0,0,0
Wooded Foothills,Land,0,1,0,0,0,0,0,0,30.39,1,1,1,0,0
Wurmcoil Engine,Artifact Creature - Wurm,0,0,1,1,0,0,0,0,25.91,1,1,1,0,0
Xantid Swarm,Creature - Insect,0,0,1,0,0,0,0,0,0.56,0,0,0,0,0
Young Pyromancer,Creature - Human Shaman,0,0,1,0,0,0,0,0,1.38,0,0,0,0,0
Zealous Persecution,Instant,0,0,0,0,0,0,1,0,0.47,0,0,0,0,0
Zuran Orb,Artifact,0,0,0,1,0,0,0,0,2.14,0,0,0,0,0